,full_text,sentiment,emotion
144,@NilsonJavierB @eliecer_e @CNE_COLOMBIA @moecolombia @DELAESPRIELLAE @AndresPastrana_ @PalomaValenciaL @RevistaSemana @CConstitucional @CorteSupremaJ @DefensoriaCol @USEmbassyBogota @felipesancheztv @consejodeestado Vega lo que debe es ir preso y anulaci√≥n de esas elecciones.,negative,anger
326,"Amor por Colombia ni que nada, s√≥lo por la familia ac√° porque del resto este pa√≠s no se saca con amor ni patriotismo. Toca es irse para no ser un muerto m√°s, empez√≥ la √©poca de elecciones y en la Costa ya iniciaron, me duele üíî",negative,
35,(Elecciones Colombia: ¬øqu√© muestran las m√°s recientes encuestas presidenciales?) publicado en https://t.co/XJ7xIbDAXM - https://t.co/kBmI6ABhaM https://t.co/Qp16PJZguR,neutral,fear
386,"@RobinsonBaena Mosca camarada, el uribismo aprovechando las acciones de estos delincuentes quieren desestabilizar Colombia porque se ven perdidos en las elecciones https://t.co/ZN08tBGBax",,
65,"@montanertwiter Te pido que ores con todo tu coraz√≥n por el bien de Colombia, para que no nos caigamos en desgracia en las pr√≥ximas elecciones. Gracias üôèüèº",positive,joy
150,¬°TOMA NOTA! La violencia del conflicto armado en Colombia resurge antes de las elecciones https://t.co/fPOo1FeIyz,negative,anger
529,"Lo que me queda claro con este video es que los jurados de votaci√≥n en las elecciones pasadas eran petristas.
 
 Para las proximas elecciones presidenciales el @CNE_COLOMBIA y la @Registraduria debe garantizarnos que los jurados todos no sean de la izquierda.
 
 #FicoUneAColombia https://t.co/jPUpwZzQCq",,
275,@lcvelez #ElRiesgoEs sin lugar a ninguna duda @Registraduria y el @CNE_COLOMBIA se van a robar las elecciones,negative,anger
316,"NARCOPARAURIBISMO GENOCIDA, GARRAPATEIRO (ZAPATEIRO),CANTINFLAS MOLANO Y CLAN DEL GOLFO, EST√ÅN TRABAJANDO EN LLAVE üîë PARA METER MIEDO A COLOMBIA Y ROBARSE LAS ELECCIONES DEL 29 DE MAYO. https://t.co/SDbke4RmTk",negative,
107,"@Karlaarcila Un d√≠a un traidor infame, se rob√≥ un plebiscito, ilegalmente lo implement√≥, el congreso lo aval√≥ c√≥mplice del robo pues sus representados dijeron No, como pueblo dormido no protestamos de forma contundente, por eso hoy se quieren robar las Elecciones. Hay que salvar a Colombia. https://t.co/nwTpis2e8C",negative,anger
385,"@tinagus2000 Evidentemente la persecuci√≥n judicial, la aceleraci√≥n de cosas, las trabas del @cnegobec para la inscripci√≥n , el viaje de la fiscal a Colombia y el papel de otras instituciones influyeron en la victoria de Lasso. Al otro candidato lo desgastaron, mucha antes de las elecciones.",,
601,"@marthaperaltae @Diego_Molano ""...coalici√≥n m√°s grande del Congreso y la m√°s votada en la historia de Colombia..."", ¬°el ROBO mas grande de la historia de Colombia! querr√° decir. Nos robaron el plebiscito y no hicimos nada, ¬øvamos a permitir que nos roben √©stas elecciones?
 
 https://t.co/9vi3UmzfK2",,
489,"‚ÄúPetro ha hecho oferta de indulto a nombre de los narcos. Tiene que aclarar ese negocio‚Äù. Incluso afirma que ‚Äúel Caballo de Troya del narcotr√°fico en las elecciones en Colombia es Gustavo Petro y su jinete es Iv√°n Cepeda‚Äù
 
 @AndresPastrana_ https://t.co/ypGm6I2Mxt",,
563,Esta inversi√≥n en pauta publicitaria que puede ser decisiva en el momento de las elecciones y que pueda variar resultados se hace bajo la mirada complice de @GoogleColombia que a nivel global tiene pol√≠ticas publicitarias que extra√±amente no se siguen en Colombia.,,
141,Bueno colombia entonces nos vamos a calar al registrador Alexander Vega en las elecciones presidenciales porque a √©l no le da la gana de renunciar ni los hijueputas poderes de control le piden la renuncia,negative,anger
55,".@odonnellmaria y @ertenembaum entrevistan a Francia M√°rquez, candidata a vicepresidenta en la f√≥rmula de Gustavo Petro para las elecciones presidenciales de Colombia. La cita, este s√°bado a las 9 P.M. (Miami), 10 P.M. (Buenos Aires) en #Conecta2 https://t.co/oB0KwVMmkn",neutral,joy
339,"@Tipcol10 @ledamejia21 NO IMPORTA que salgamos a votar 20 millones por @FicoGutierrez ,El registrador ""Tibisay VEGA"" y el @CNE_COLOMBIA al servicio de las 2 Prostitutas de la Justicia,""La suprema y La constitucional,se van a robar las elecciones a favor de ""PETRO"" ya se robaron las parlamentarias OJO!!",,
46,"@FicoGutierrez @DANE_Colombia Usted que sabe de finanzas? Ya Uribe le escribi√≥ lo que tenia que decir, c√°llese m√°s bien y no escriba pendejadas, el pa√≠s est√° ardiendo por √≥rdenes del matarife para boicotear las elecciones y Usted hablando estupideces de las cuales no tiene ni idea. Usted no est√° apto",negative,anger
415,"Alertan que miles de jurados de votaci√≥n est√°n inhabilitados para estar en las elecciones a Presidente https://t.co/U0B0pSdoT0
 
 via SQUID App https://t.co/HbtsGbArmc",,
431,"@nicolaspetroB @petrogustavo Los paramilirares si que son brutos ignorantes, ven como los ha traicionado el uribismo y siguen arranchados sin querer un cambio en Colombia! Esperemos que el d√≠a de las elecciones no amenazen a los colombianos! Maldito uribismo nos tiene jodidos!",,
596,"El Registrador Alexander Vega y el @CNE_COLOMBIA Insisten en meterle al pueblo colombiano el gol este 29 de mayo, est√°n desesperados por entregarle el poder a la izquierda en Colombia. https://t.co/fPyKsxf40K",,
583,"Insisto...el peor enemigo de la llamada #Derecha en #Colombia es la misma ""Derecha""...
 
 Llegar DIVIDIDOS a las elecciones PRESIDENCIALES, No me parece la mejor t√°ctica, para enfrentar al #PapilomaHumano 
 
 Seg√∫n la posici√≥n de los Astros, podr√≠a ser Desastroso para el #29Mayo https://t.co/jv4cmhH9mv",,
433,COLOMBIA NO HAB√çA VISTO NUNCA UN PAYASO IGUAL. https://t.co/vfogIcbmmR,,
89,"@MariaFdaCabal El @CNE_COLOMBIA es de izquierda ,por eso la democracia de colombia esta en peligro...no tocan al registrador vega y se la pasan sacando encuestas chimbas donde gana el kk...nada q hacer no hay garant√≠as ,nos van a robar las elecciones para montar a petro.",negative,sadness
408,"Luis P√©rez se caracteriza por tener un estilo de ropa colorida y a la medida. En este cap√≠tulo de #ElHilo le contamos qu√© comunica con las prendas que usa el candidato.
 
 https://t.co/BQkQzsF1Mu
 
 
 
 #Elecciones2022 #ColombiaDecide https://t.co/qSKzzQgQn2",,
290,"Les comparto publicaci√≥n de mi art√≠culo ""Elecciones Colombia 2022""en la Revista Argentina de Derecho Electoral. 
 
 https://t.co/Ntm0DuF9Pc https://t.co/6sB6OXjzaA",neutral,joy
486,Lo he analizado toda la ma√±ana y verdaderamente la √©poca de elecciones en Colombia es TERROR√çFICA.,,
613,"#presidente duque y congresistas q aprobaron tumbar ley garant√≠asüá®üá¥durante elecciones, deben renunciar Ya! @PGN_COL @FiscaliaCol @DefensoriaCol @CGR_Colombia ojo cuanto dinero se va perder erario p√∫blico,se robaron para politiquer√≠a....justicia ya, q renuncien ya! https://t.co/O7Y6YrxYVI",negative,anger
392,"Es m√°s que obvio que esa extradici√≥n de #Otoniel m√°s que estrategia para silenciarlo, era la excusa para explotar este #ParoArmado y afectar as√≠ las elecciones, evitar que la gente se mueva a votar masivamente. #Colombia",,
219,"@CARLOSFMEJIA @infopresidencia @PGN_COL @FiscaliaCol @CNE_COLOMBIA Cuanto les pagaron por el favor? Lastima la platica, siga llorando cafre hpta, el 29 nos vemos en las urnas, no m√°s narco uribismo, sigan robando a ver si les alcanza, solo comprando votos ganan elecciones, malnacido.",negative,anger
213,"#Video | Solo un candidato lo ha logrado en la historia reciente de Colombia: √Ålvaro Uribe V√©lez en las elecciones del 2002. 
 
 https://t.co/3nemYfAN3A",neutral,
462,"#VIDEO Rodolfo Hern√°ndez: ""Fajardo como que ya pas√≥ a la historia"". https://t.co/pSC4N4Q5ZX https://t.co/3RaV9yqwaT",,
443,Advierten inhabilidades en jurados de votaci√≥n elegidos para elecciones presidenciales https://t.co/E29cwaZIts,,
192,"@PuertaRestrepo4 Pilas amigos colombianos que este tipo @MashiRafael se rob√≥ desde la esperanza hasta la banda presidencial de El Ecuador, de billete ni hablar suerte en las elecciones x una colombia sin comunismo",negative,fear
36,"@Lucho_Matto @JulianFMartinez @IvanDuque @DNP_Colombia que van a retener cedulas de trabajadores hasta despues de las elecciones. Suplantacion de identidad.
 
 Propongo: ordenar a Los jurados que tienen que preguntar al votante la fecha de nacimiento y numero de cedula.
 
 si no se la saben toca ver si son los due√±os reales de esa cedula.",neutral,anger
8,"@Margaritarosadf Nos llev√≥ el putas, aunque aqu√≠ en Colombia tambi√©n estamos en guerra y como seguramente Petro gana las elecciones vamos a estar peor y sobra decir por obra de qui√©n",negative,sadness
472,"@roseupe24 @gestupra @PGN_COL @IvanDuque @FiscaliaCol Un robo a las elecciones, a favor de Petro, es casi una declaratoria de guerra civil y cat√°strofe, para todos. @CNE_COLOMBIA @Registraduria
 
 @PGN_COL
 
 @COMANDANTE_EJC @COL_EJERCITO @IvanDuque @mindefensa https://t.co/elAeUTvqhz",,
105,"En la Video Columna de La Conversa, este s√°bado 8:00 p.m., an√°lisis sobre la actualidad pol√≠tica y social de Colombia, a escasos d√≠as de elecciones presidenciales. https://t.co/DcJRYFli9t",neutral,joy
281,NARCOPARAURIBISMO GENOCIDA Y CLAN DEL GOLFO TRABAJAN EN LLAVE PARA METER MIEDO A COLOMBIA Y ROBARSE LAS ELECCIONES DEL 29 DE MAYO. https://t.co/RBbK9B1dKP,negative,anger
435,"Eso sabe ;)
 
 Adelante #PetroPresidente2022 
 
 https://t.co/xscQ26b62m https://t.co/NIJNT0Sms7",,
642,"El pr√≥ximo 2 de junio se realizar√° el ""Debate Feminista: Colombia 2022"" con los candidatos presidenciales que logren llegar a segunda vuelta üí≠üá®üá¥
 
 
 
 https://t.co/zpHp59ivvi",neutral,joy
437,@ozuismysenpai Pill√° https://t.co/fnZFeKA3fz,,
397,@MONYRODRIGUEZOF Ojal√° que petrochanda se alej√© de la pol√≠tica cuando pierda las elecciones.por que Colombia siempre ser√° y ganar√° la Democracia.,,
151,"Modelo de Tutela que busca dar ""Tranquilidad"" Para las Elecciones Presidenciales del #29Mayo 2022 en #Colombia 
 
 https://t.co/Mg9cirfTIo",neutral,joy
625,"Match presidencial: descubra su candidato ideal para las elecciones en Colombia | El Espectador #elEspectador
 
 
 
 üöÇ#trendeconciencia
 
 üì∫
 
 üëá 
 
 https://t.co/14UgzE8rpJ via @PodcastAddict https://t.co/dFY6PvhhHS",neutral,
31,"El criminal narcotraficante @IvanDuque busca con desespero crear estado de conmoci√≥n nacional que le permita suspender las elecciones presidenciales ante la innegable superioridad electoral del candidato @petrogustavo. El uribismo en #Colombia es capaz de cualquier cosa, ¬°pilas! https://t.co/5afrk9TrQK",negative,anger
20,"Colombia, pa√≠s donde un expresidente hace un paro armado en plenas elecciones y no pasa absolutamente nada.",negative,anger
466,"#QuienRespondePor
 
 Queman carro de @UNALOficial Universidad Nacional en Santa Fe de Antioquia. El @COL_EJERCITO y la @PoliciaColombia Se escondieron no Act√∫an Parece ser el excenario para una Guerra Civil y as√≠ evitar Elecciones Presidenciales en Colombia @bbcmundo https://t.co/SWEo3DvigS",,
202,"¬°Est√° Joya est√° disponible en Netflix! 
 
 
 
 *Ojal√° Colombia la vea antes de las elecciones. #LaDictaduraPerfecta 
 
 
 
 La televisi√≥n ya puso un presidente... ¬øLo volver√° hacer? #ColombiaDecide https://t.co/jrnNjKSeJR",positive,joy
409,"Estos son los tarjetones con los que Colombia ha votado a la presidencia en 28 a√±os:
 
 
 
 https://t.co/7jcyCwQuni",,
122,@ANIABELLO_R @Karlaarcila tienen las elecciones cuadradas para que gane el hamp√≥n de @petrogustavo como sea.Yo no creo en la @Registraduria ni en @IndraenColombia que tiene cuestionamientos de su software en otros pa√≠ses pero la @CGR_Colombia @PGN_COL @CNE_COLOMBIA pasan de agache y no dicen ni hacen nada,negative,anger
50,Petro retomar√° lazos con Venezuela si llega a Presidencia de Colombia https://t.co/U2HIRmOSsR,neutral,joy
511,ESTO ES LO QUE LE ESPERA A COLOMBIA üá®üá¥ SI PETRO GANA LAS ELECCIONES SU PROPIEDAD Y LA DE TODOS LOS COLOMBIANOS SER√ÅN QUEMADOS SUS PROPIEDADES EXPROPIADAS OJO COLOMBIA üá®üá¥ https://t.co/FwhicXJj3D,,
21,"üá®üá¥ Despu√©s de todo el manto de dudas y fraudes de las pasadas elecciones en #Colombia, que confianza produce las votaciones del 29 de Mayo??
 
 /RT",negative,anger
19,@IvanDuque Quien da v√≠a libre a paramilitares para sitiar a Colombia y y afectar elecciones @ONUHumanRights @MisionONUCol @Declaracion @RIDH_INHR @CorteIDH @OACNUDH https://t.co/fZ2yFvjIwY,negative,fear
357,"NO IMPORTA que salgamos a votar 20 millones por @FicoGutierrez ,El registrador ""Tibisay VEGA"" y el @CNE_COLOMBIA al servicio de las 2 Prostitutas de la Justicia,""La suprema y La constitucional,se van a robar las elecciones a favor de ""PETRO"" ya se robaron las parlamentarias OJO!!",,
537,Willian Malkun gan√≥ elecciones a rector√≠a de la UniCartagena https://t.co/MDWRzjblpu #CartagenadeIndias #Bol√≠var #Universidadesp√∫blicas #Colombia https://t.co/6u4RQyNBKj,,
546,"#ElRiesgoEs que se roben las elecciones, gane Petro y Colombia üá®üá¥ pierda la democracia!",,
473,"@roseupe24 @gestupra @PGN_COL @IvanDuque @FiscaliaCol Un robo a las elecciones, a favor de Petro, es casi una declaratoria de guerra civil y cat√°strofe, para todos. @CNE_COLOMBIA @Registraduria
 
 @PGN_COL
 
 @COMANDANTE_EJC @COL_EJERCITO @IvanDuque @mindefensa https://t.co/elAeUTvqhz",,
298,"Esta es la recopilaci√≥n de los tarjetones de los √∫ltimos 28 a√±os en el pa√≠s. ¬øCu√°les recuerda? 
 
 
 
 #Elecciones2022 #ColombiaDecide 
 
 https://t.co/7jcyCwQuni",neutral,joy
500,"@Marbelle30 Imag√≠nense que Colombia est√° tan llevada del P... que petro ganar√° las pr√≥ximas elecciones presidenciales, la gente est√° mamada, cansada del uribismo como les parece pues , en medio del desespero de siempre lo mismo y nada de progreso, prefieren la incertidumbre con petro .",,
231,"@SdrodriguezT PetroFarc est√° asustado porque sabe que el uribismo es una fuerza poderosa y ganaremos las elecciones, los bandidos mafiosos del Pacto de la Picota , jam√°s tendr√°n el poder, acabar√≠an con Colombia .",negative,joy
127,"Occidente es debil solo hab√≠a atacar a Colombia con paro nacional, elecciones limpias, Rusia atacara Ucrania lavadero de Nazis, China bloqueara su cadena suministro y Patron oro volviera
 
 Bitcoin se expanda en todo el mundo",negative,anger
459,"Con esto del paro armado y el miedo generado a la poblaci√≥n, solo llego a la conclusi√≥n de para qu√© elecciones si ya sabemos quien gobierna a Colombia.",,
420,@AlvaroUribeVel No viejito sarnoso ; ya conocemos su accionar ; crea el caos y culpa a tu enemigo pol√≠tico para poderle ganar las elecciones ; ya COLOMBIA sabe c√≥mo act√∫a usted ; paraco hijueputa,,
504,"@RevistaSemana El tema es que qui√©n lo dice, es el mayor delincuente de la historia de Colombia, ¬øC√≥mo le van a robar elecciones al l√≠der de la corrupci√≥n en Colombia?",,
75,"Colombia est√° siendo agitada sutilmente mientras se acercan las elecciones. üá®üá¥ parece resistirle al comunismo, la izquierda sin el poder hace estragos, mientras algunos duermen otros no lo pueden hacer por la violencia. Da angustia ver not√≠cias. 
 
 
 
 ¬øConmoci√≥n Interior?....",negative,fear
34,"@ELTIEMPO Que lo diga antes de las elecciones en Colombia. Eso es un delito, claro que con estas cortes en Colombia vendidas a la izquierda todo es posible",negative,anger
540,"Los q apoyan a terroristas, bravos con RCN porq muestra a Colombia su verdadera cara siniestra. Es q la realidad hay q mostrarla, son asesinos que nos quieren gobernar https://t.co/SSyfXEHYXy",negative,anger
502,"#Mundo Gustavo Petro, candidato presidencial de Colombia, ratific√≥ que de salir victorioso en las elecciones del 29May retomar√° las relaciones con Venezuela.
 
 
 
 La propuesta fue aplaudida por sus seguidores. ""Es lo m√°s recomendable"" para esta regi√≥n latinoamericana, dijo. #6Mayo https://t.co/OmS5zk5lcd",,
216,"ULTIMA HORA:
 
 
 
 Con la extradici√≥n de alias Otoniel, se acaba el narcotr√°fico en Colombia.
 
 
 
 Nadie m√°s enviaba coca a EEUU, no ten√≠a aliados pol√≠ticos, no ten√≠a impacto en las elecciones actuales. Gracias diosito. https://t.co/TIREQ7moYf",negative,anger
123,@ernestomaciast @Registraduria @PGN_COL tienen las elecciones cuadradas para que gane el hamp√≥n de @petrogustavo como sea.Yo no creo en la @Registraduria ni en @IndraenColombia que tiene cuestionamientos de su software en otros pa√≠ses pero la @CGR_Colombia @PGN_COL @CNE_COLOMBIA pasan de agache y no dicen ni hacen nada,negative,anger
337,"@ELTIEMPO NO IMPORTA que salgamos a votar 20 millones por @FicoGutierrez ,El registrador ""Tibisay VEGA"" y el @CNE_COLOMBIA al servicio de las 2 Prostitutas de la Justicia,""La suprema y La constitucional,se van a robar las elecciones a favor de ""PETRO"" ya se robaron las parlamentarias OJO!!",,
280,"Se acerca el d√≠a de las elecciones en #Colombia y como @petrogustavo ""El cacas"" sabe que no va pa'l baile entonces comienza a incendiar el pa√≠s...",negative,anger
410,@FicoGutierrez Se√±ores quien creo la AUC en colombia. Ahora se les salieron de las manos o es simplemente una estrategia para ganar las elecciones creando el caso en el pa√≠s y ech√°ndole las culpas a otros. De verdad que somos un pa√≠s donde todo lo olvidamos por eso estamos como estamos.,,
606,@PGuillermoSerra Por Colombia para que Dios tenga misericordia de nosotros y nos salve del socialismo en estas elecciones presidenciales,,
22,"Asesinado militante campesino del Pacto Hist√≥rico en Colombia
 
 
 
 Pese a aproximarse las elecciones presidenciales en Colombia, la violencia sigue en aumento y est√° vez acab√≥ con la vida de un militante campesino del Pacto Hist√≥rico
 
 
 
 #JuventudDeportivaDeOro
 
 https://t.co/ld4jfHeNCk https://t.co/Z75KVwQkH3",negative,sadness
155,@PGN_COL @RedMasNoticias @NoticiasCaracol @NoticiasRCN @elespectador @ElNuevoSiglo @AtlanticoEmi @larepublica_co @elheraldoco @RevistaSemana @BluRadioCo tienen las elecciones cuadradas para que gane el hamp√≥n de @petrogustavo como sea.Yo no creo en la @Registraduria ni en @IndraenColombia que tiene cuestionamientos de su software en otros pa√≠ses pero la @CGR_Colombia @PGN_COL @CNE_COLOMBIA pasan de agache y no dicen ni hacen nada,negative,anger
591,Conducente prioritario autoridades anulen y repitan elecciones Congreso o al menos 25.000 mesas en d√≥nde estuvieron 25.000 jurados de @UP_Colombia e izquierda terrorista lo EXIGIMOS los Colombianos dem√≥cratas. No existe otra soluci√≥n digna. @CNE_COLOMBIA @PGN_COL @FiscaliaCol,,
201,"Un abrazo fuerte @CamiloRomero en pr√≥ximas elecciones espero que mi voto sea por Usted, desde el cielo tu madre iluminar√° ese camino, y el de Colombia hoy.‚ù§Ô∏è https://t.co/IiVUDKZpb0",positive,joy
156,@jorgeborjajp @lafm @FiscaliaCol tienen las elecciones cuadradas para que gane el hamp√≥n de @petrogustavo como sea.Yo no creo en la @Registraduria ni en @IndraenColombia que tiene cuestionamientos de su software en otros pa√≠ses pero la @CGR_Colombia @PGN_COL @CNE_COLOMBIA pasan de agache y no dicen ni hacen nada,negative,anger
312,EN 'GESTOSO GLOBAL' LAS AMENAZAS DE MUERTE A GUSTAVO PETRO en la recta final rumbo a las Elecciones Presidenciales de Colombia con Angel Becassino Asesor de Campa√±as Pol√≠ticas domingo desde Bogota 20:30hs por #AbyaYalaTelevision Los espero! https://t.co/YJp1qhZ2aY,neutral,
125,En Colombia con las elecciones,neutral,joy
269,"Adem√°s, los gr√°ficos y mapas electorales demuestran la importancia electoral que tiene el centro del pa√≠s, ante la densidad poblacional y la tradici√≥n de salir a votar. https://t.co/tVxPTMLkC2",positive,joy
239,"@Rettador @petrogustavo @Registraduria @PactoHistorico NO IMPORTA que salgamos a votar 20 millones por @FicoGutierrez ,El registrador ""Tibisay VEGA"" y el @CNE_COLOMBIA al servicio de las 2 Prostitutas de la Justicia,""La suprema y La constitucional,se van a robar las elecciones a favor de ""PETRO"" ya se robaron las parlamentarias OJO!!",negative,anger
553,"No hab√≠a ca√≠do en cuenta que el lunes 30 de mayo es puente festivo, se pueden perjudicar las elecciones, por favor no viajen ese d√≠a, salgan a votar juiciosos que si no votan se monta Petro!! Pilas Colombia, a ser responsables!!",,
628,"@petrogustavo sus narco amigos v√°ndalos est√°n amenazando a los habitantes de C√≥rdoba y Choco.
 
 Colombianos si queremos salvar a Colombia de estos v√°ndalos asesinos, debemos todos unirnos y en la elecciones derrotar definitivamente al peligro social llamado
 
 PETRO EL MADURISTA",negative,anger
48,"@HELIODOPTERO @cataboc El prop√≥sito es que halla elecciones en una Colombia aterrorizada. No podemos caer nuevamente en la trampa, votemos bien. No podemos permitir que el innombrable siga gobernando. Nuestro pa√≠s necesita un cambio urgente.",negative,fear
490,Elecciones en Colombia: el silencio que decidir√° al ganador https://t.co/lHH5JFvDd9,,
167,"@AlvaroUribeVel El creador del paramilitarismo en Colombia es usted se√±or , adem√°s quien debe garantizar la seguridad es la marioneta que puso de presidente, ahora como van perdidos en las elecciones porque el in√∫til de Fico les sali√≥ peor que Duque, toca sacar el truco llenar de terror",negative,anger
272,¬øC√≥mo luc√≠an los dem√°s tarjetones? üëá¬øCree usted que se evidencia el cambio de un bipartidismo a un sistema de caudillos? https://t.co/7jcyCwQuni,neutral,fear
314,"@MariaFdaCabal Lo extraditaron r√°pido por dor razones se√±ora Acabal.
 
 
 
 La primera y para m√≠ la m√°s importante es porque Otoniel en Colombia dando sus testimonios respresenta un verdadero riesgo para las elecciones pues ya estaba diciendo muchos nombres de pol√≠ticos.",negative,anger
153,"¬øPreparados para la guerra civil que se nos viene si la @Registraduria, el @CNE_COLOMBIA, y el @consejodeestado se roban las elecciones?",negative,fear
378,"Exigimos garant√≠as para la vida y la democracia. A 24 d√≠as de elecciones, #Colombia se encuentra sitiada por las mafias del #ClanDelGolfo sin que el gobierno haga nada! Pedimos a la comunidad internacional pronunciarse inmediatamente.
 
 
 
 @WOLA_org #QuienRespondePor #ParoArmado https://t.co/G6qEJKkpcU",negative,anger
510,ESTO ES LO QUE LE ESPERA A COLOMBIA üá®üá¥ SI PETRO GANA LAS ELECCIONES SU PROPIEDAD Y LA DE TODOS LOS COLOMBIANOS SER√ÅN QUEMADOS SUS PROPIEDADES EXPROPIADAS OJO COLOMBIA üá®üá¥ https://t.co/FwhicXJj3D,,
568,"@UltimaHoraBLU Casi 2 millones de votos enredados, miles de jurados votando doble, pero para el Tribunal eso no fue suficiente. OJO COLOMBIA A VOTAR por @FicoGutierrez nada de salir de puente, paseo, ni pereza porque se van a robar las elecciones y mas f√°cil les queda si votamos pocos. @ghitis",,
108,@CARLOSFMEJIA @infopresidencia @PGN_COL @FiscaliaCol @CNE_COLOMBIA Hace 4 a√±os un perro rabioso se rob√≥ las elecciones,negative,anger
322,"Duque result√≥ el personaje mas in√∫til y desvergonzado de la Historia de Colombia, y est√° tan ca√≠do que en estos 20 d√≠as que faltan pa elecciones, lo mas seguro es que el CD pase a la ""oposici√≥n"" y Uribe diga que no lo conoce ni ha tenido tratos con el ni por interpuesta persona.",negative,joy
238,"#Recomendado ¬øQu√© es la #LeyDeGarantias? 
 
 ...Con esto se les imped√≠a a gobernadores, alcaldes y otros funcionarios retomar obras de infraestructura que quedaron detenidas o que ni siquiera se alcanzaron a poner en marcha... 
 
 
 
 Leer m√°s aqu√≠: https://t.co/kZU2UYoPaF",neutral,sadness
227,Exigir elecciones limpias. No m√°s fraude comunista y globalista. Yo denuncio el fraude que ya pas√≥ y el que viene. Salvemos a Colombia. #GomezPresidente22-26 @MovSalvacionNal @jflafaurie @Enrique_GomezM @CarlosACuartasQ @MariaHerreraMe @isabelcuervo @valenciajorgea @LChileuitt https://t.co/1vslgRr5PC,negative,sadness
499,¬°Es indignante lo que ocurre en Colombia! Estamos ante un fraude electoral y nuestro registrador sigue en el cargo. #ElRiesgoEs no repetir las elecciones y tener un Congreso ileg√≠timo. https://t.co/lxMRgs9kPo,,
518,"As√≠ reaccionaron algunos candidatos al alza de la #inflaci√≥n Variaci√≥n anual del IPC lleg√≥ a 9,23% en abril, inform√≥ el @DANE_Colombia . Esto dijeron los aspirantes a la Presidencia sobre el dato, el m√°s alto en 21 a√±os. https://t.co/KkxlGRIPCi via @Portafolioco",,
61,"@EliorCymbler @marwhite01 @PalomaValenciaL @MariaFdaCabal @RafaNietoLoaiza El Hamp√≥n @Registraduria sigue adelante con su proyecto de robarnos Las elecciones presidenciales a favor de Petro, No podemos confiar en @CNE_COLOMBIA @Doris_MendezC pese a encontrar fraude en elecciones de congreso han manifestado que fueron transparentes, votar 2 veces legal?",negative,anger
479,"gobernante mas nefasto en la historia de colombia! 90% desaprobaci√≥n 
 
 @IvanDuque te recordaremos el dia de las elecciones no permitir otro URIBISTA mas en el poder @FicoGutierrez con el historial mas oscuro y aliado de los que tiene el pais en paro!con su comandate y jefe politi https://t.co/canlQ2Fbc5",,
330,"A 23 d√≠as de elecciones el Registrador Nacional un corrupto pegado y atornillado al poder, con este tipo que Colombia desconf√≠a es seguro que nos van a robar las elecciones @Registraduria @CNE_COLOMBIA @moecolombia @IvanDuque presidente l√≠brenos de esta plaga la @PGN_COL no pudo",negative,fear
547,"""Los destinos de Colombia y de Venezuela van por la misma senda, hasta se parecen a sus gobernantes, porque no hay nada m√°s parecido a Maduro en Colombia que Duque"", asegur√≥.
 
 https://t.co/ajUujVFnF5",,
210,"@petrogustavo Pobre Colombia como gane usted las elecciones. Miseria trae siempre sus pol√≠ticas, sin excepci√≥n.",negative,fear
226,"El candidato presidencial @ingrodolfohdez dice que buscar√° llegar al poder ‚Äúsin comprar votos con plata robada del pueblo colombiano‚Äù. ¬ø#ASonDeQu√© quiere ser presidente? 
 
 
 
 https://t.co/9kDluOHG00
 
 
 
 #Elecciones2022 #ColombiaDecide https://t.co/HembUIeVXb",negative,fear
102,"No les parece raro q a pocos d√≠as de las elecciones presidenciales en colombia extraditen un narcotraficante para ocultar la verdad, y como consecuencia de esto desencadena un paro armado en algunas regiones del pa√≠s. Quieren salvar a colombia de Petro! Se necesita un cambio ya!!",negative,anger
404,#ParoArmado q afecta a Colombia en estos momentos es el abre bocas de lo q se viene con la lacra de Petro cuando pierda las elecciones.,,
165,"@petrogustavo Esto est√° imparable!
 
  #ProgresistaSigueProgresista , #S√∫mateAlCambio , #YaLlegaElCambio .
 
 Sigamos sumando y logremos transformar a Colombia con Petro y Francia! A ganar las elecciones en primera vuelta! S√≠gueme y te sigo!",positive,joy
3,Petro ahora es el Capit√°n Am√©rica o mejor dicho el Capit√°n Colombia de ganar las elecciones. No soltara el escudo ni para dormir üòÇ https://t.co/k56Dv7id1J,negative,joy
241,"Colombia tiene hoy 2 amenazas p√∫blicas q @IvanDuque @Diego_Molano y @FuerzasMilCol NO PUEDEN IGNORAR.
 
 1)El Clan del Golfo y sus testaferros pol√≠ticos y medi√°ticos incendiando el pa√≠s en las carreteras y en las redes
 
 2)PETRO anunciando el ISIS COLOMBIANO si pierde las elecciones",negative,fear
137,"@ambar_ponte @DiegoFi27933574 @brisa7766433br1 @PGN_COL @moecolombia @CNE_COLOMBIA ADELANTE CON LA TUTELAT√ìN. QUIEN SE APUNTA??' ...ALLI GANAMOS, LOS BUENOS, QUE SOMOS MAS; FRENTE AL #PACTOVEGAPETRO PARA ROBARSE LAS ELECCIONES. SOMOS MAS UNIDOS https://t.co/KpcXgLOFOJ",positive,joy
259,"El Colombiano: Elecciones al mando de Vega tuvieron deficiencias que requieren correctivos: Tribunal tras negar su suspensi√≥n.
 
 https://t.co/EBwpUU4GkD
 
 
 
 a trav√©s de @GoogleNews",negative,sadness
351,"@Karlaarcila @Alfonso67766030 NO IMPORTA que salgamos a votar 20 millones por @FicoGutierrez ,El registrador ""Tibisay VEGA"" y el @CNE_COLOMBIA al servicio de las 2 Prostitutas de la Justicia,""La suprema y La constitucional,se van a robar las elecciones a favor de ""PETRO"" ya se robaron las parlamentarias OJO!!",,
255,"@eduardomackenz1 @omarvmurcia El si sabe que hacer, se robara las elecciones en Colombia con el apoyo del narco comunismo internacional y todo el apoyo de la Registraduria, CNE, Las Cort√©s, las ias gubernamentales, prensa Prepago, no terminar√≠a.",negative,anger
206,"@smilelalis Y entonces @FiscaliaCol @PGN_COL @CNE_COLOMBIA 
 
 
 
 En que clase de miserable y peligroso show se convirtieron nuestras elecciones?",negative,anger
315,"Qu√© tal el robo de elecciones parlamentarias,gobierno y entes del estado callan,Con complicidad,‚Å¶‚Å¶@infopresidencia‚Å© ‚Å¶@FiscaliaCol‚Å© ‚Å¶@PGN_COL‚Å© ‚Å¶@CGR_Colombia‚Å© ‚Å¶@DEAHQ‚Å© ‚Å¶@USEmbassyBogota‚Å© ‚Å¶‚Å¶‚Å¶@CDemocraticoCo‚Å© https://t.co/temZuQMkkd",negative,
283,"Una de las cosas m√°s me impact√≥ de realizar este especial fue descubrir que a menos de un mes de las elecciones a√∫n hay candidatos que no han presentado un plan de gobierno üëÄ
 
 
 
 Averigua qui√©nes en @dpl_news ‚¨áÔ∏è
 
  
 
 https://t.co/dm0lm5YnlH",negative,fear
348,"@FicoGutierrez @DANE_Colombia Gracias a @IvanDuque y ud que toma su legado, si Locombia lo elige estamos condenados a lo mismo, verdad que tienen platica pa robarse √±as elecciones... hdspm!!",,
25,"Pese a aproximarse las elecciones presidenciales en #Colombia, la violencia sigue en aumento y est√° vez acab√≥ con la vida de un militante campesino del Pacto Hist√≥rico, quien fue asesinado en el departamento de Sucre. 
 
 https://t.co/hBj2dAdLDE
 
  v√≠a @Agencia_VN https://t.co/WgaZLzY2hW",negative,sadness
364,"El 29 de mayo, ser√°n 
 
 Las Elecciones en Colombia. https://t.co/k01o3i9ero",,
561,"Dime tus posturas pol√≠ticas y te dir√© si podemos seguir siendo Amix. Para conocerlas, te invito a hacer el #MatchElectoral aqu√≠: https://t.co/3V4sEAcK5R
 
 
 
 Mi resultado es este. 
 
 ¬øQuieres seguir siendo mi ami? ü•π https://t.co/bFnq2ROy0u",,
387,FRAUDE DE LA IZQUIERDA ANULA LAS ELECCIONES EN COLOMBIA https://t.co/ua35EWyuJn,,
79,@CGurisattiNTN24 El senador de Colombia en EEUUtiene toda la raz√≥n sino tienen gente preparada para las elecciones nos van a robar la libertad en primera vuelta,negative,fear
251,"@Zuletalleras @Judarr2 NO IMPORTA que salgamos a votar 20 millones por @FicoGutierrez ,El registrador ""Tibisay VEGA"" y el @CNE_COLOMBIA al servicio de las 2 Prostitutas de la Justicia,""La suprema y La constitucional,se van a robar las elecciones a favor de ""PETRO"" ya se robaron las parlamentarias OJO!!",negative,anger
491,"Y ustedes ¬øYa encontraron su #MatchPresidencialüíúLo pueden hacer ac√°: https://t.co/0E1tZKypTK
 
 
 
 ¬°Nos gustar√≠a saber qui√©n es su candidato ideal! 
 
 Los leemos en los comentarios üëá https://t.co/H11SB9EsBV",,
480,"¬øVamos a terminar en que para subirse al Metro de Medell√≠n, al bus de Envigado, al Transmetro de Barranquilla o al avi√≥n de Avianca habr√° que demostrar el voto por alias ""Fico""?
 
 
 
 https://t.co/f7CDOrUAEd",,
4,"#OtraPregunta 
 
 ""Petro promete reanudar relaciones diplom√°ticas con Maduro si gana elecciones en Colombia""...
 
 Esto no pinta nada bien... y si adem√°s gana Lula en Brasil...
 
 ¬øEsto como que va para largo? https://t.co/wpQsl5KoRe",negative,fear
399,"Hice el ejercicio de la Match Presidencial del @elespectador.
 
 
 
 Me gust√≥. Creo que me define ideol√≥gicamente. Lo m√°s importante es que me deja claro por quien no debo votar.
 
 
 
 Aqu√≠ les dejo el enlace para que hagan el ejercicio. 
 
 
 
 https://t.co/jHXsHZWoDO https://t.co/nJsUylMydh",,
524,"@bpmacias @PaulaBayarte @InesAmarelo @JavierCBugarin @carlasamon üá®üá¥ Un posible atentado contra el candidato Gustavo Petro preocupa a Colombia a tres semanas de las elecciones. üó≥
 
 
 
 https://t.co/u7OwKlgtiA https://t.co/4vI8OFEnwS",,
407,"Se√±ores. @PGN_COL
 
 
 
 El pa√≠s reclama elecciones transparentes en primera vuelta presidencial el 29 de mayo.
 
 
 
 Opini√≥n. @PGN_COL @CNE_COLOMBIA @moecolombia https://t.co/ceSkMa0f3W",,
113,"@JuanDanielMos19 Pendejo eso ya pas√≥ en 2018, parece que t√∫ y las putas uribistas no saben ni que pas√≥ en las elecciones de cada 4 a√±os, otra prueba que en Colombia en un pa√≠s de mierda con gente muy pendeja.",negative,anger
598,"""El antiguo jefe d inteligencia militar venezolana ha afirmado tener informaci√≥n,sobre financiaci√≥n por parte d Venezuela d campa√±as d Gustavo Petro,candidato d a la presidencia d Colombia en las pr√≥ximas elecciones del 29 de mayo, que el pol√≠tico colombiano ha negado"" https://t.co/8lx78liOGE",,
567,"@GustavoBolivar Debieran inventar algo diferente est√°n igual que Ch√°vez y Maduro cada vez que vienen elecciones inventaba guerras con Colombia, que hab√≠a intereses en matarlo y ustedes igualito inventan enfermedades, atentados etc, etc.",negative,joy
297,"""Lo que est√° viviendo Latinoam√©rica, cortes√≠as de los procesos del Foro de Sao Paulo, se va poniendo realmente delicado. Hay que estar pendiente de lo que sucede en Chile y Per√∫, previo a las elecciones de Colombia."" @Noelleal",negative,fear
418,Advierten inhabilidades en jurados de votaci√≥n elegidos para elecciones presidenciales https://t.co/oUCjxiVqOi,,
526,"Senador da por sentado que se comete un flagrante fraude en algo tan cr√≠tico para el futuro de Colombia como las elecciones del Congreso y no se puede hacer nada? Solo est√°n ustedes para hablar legislar No deben dignificar, hacer respetar el Legislativo y defender la PatriaO NO? https://t.co/9beqop9fPU",,
358,‚ÄúCasi 3000 aspirantes a jurados de votaci√≥n inhabilitados en Colombia‚Äù https://t.co/2MCo0SBpog #Elecciones ‚úçÔ∏è por @gabrielamor,,
188,@guillodevalde @Registraduria @PGN_COL @CGR_Colombia @moecolombia Es que lo realmente malo es que no asisten para ser participes de las garantias y luego se est√°n quejando de que se roban las elecciones cuando realmente no es as√≠,negative,anger
81,"@MONYRODRIGUEZOF Piensan sabotear las elecciones, sospechoso si es a d√≠as de las elecciones y el ej√©rcito de Colombia nuestros h√©roes, brillan por su ausencia por algo ser√° ...",negative,anger
78,"En #Qu√≠micaEnLaF√≥rmula, la candidata Ingrid Betancourt cont√≥ qu√© tanto sabe de su f√≥rmula, en el camino a la Presidencia de Colombia ‚¨áÔ∏è https://t.co/KTgkWN1G2H",neutral,joy
514,"@CostaNoticiasTV @ibmtw2010 @CarrillonavasG @AliRestrepo @duvanedo @cecollm @ALFREDOHANS1 @ricardoansal @Iadossa @Gilbert_Olarte @lacoutu @pedrosoto785 @pasionpais COLOMBIA A PORTAS DE PERDER LA DEMOCRACIA LIBERTAD 
 
 SI ESTA ESE REGISTRADOR PR√ìXIMAS ELECCIONES 
 
 ENTES DE CONTROL GIBIERNO 
 
 SILENCIO SEPUCRAL 
 
 EL GOBIERNO PASARA A LA HISTORIA COMO EL DEJO PERDER EL PAIS DEMOCRACIA Y LIBERTAD DE LOS COLOMBIANOS. 
 
 SI NO HACE NADA Y PERMITE ESTADIA",,
519,"As√≠ reaccionaron algunos candidatos al alza de la #inflaci√≥n Variaci√≥n anual del IPC lleg√≥ a 9,23% en abril, inform√≥ el @DANE_Colombia . Esto dijeron los aspirantes a la Presidencia sobre el dato, el m√°s alto en 21 a√±os. https://t.co/KkxlGRIPCi via @Portafolioco",,
643,"En los consulados de Colombia en el exterior se adelantan las pruebas de funcionalidad para las elecciones de presidente y vicepresidente de la rep√∫blica. En el pa√≠s, la Registradur√≠a Nacional alista los simulacros para los comicios del 29 de mayo.
 
 
 
 #GarantesDeLaDemocracia https://t.co/7NOQaPod0z",neutral,joy
237,Colombia | Petro anuncia que si gana restablecer√° las relaciones diplom√°ticas y consulares con Venezuela @InfoNodal https://t.co/X5FawyQTTi,neutral,
538,"Peri√≥dico de William Velez Sierra Match presidencial: descubra su candidato ideal para las elecciones en Colombia | El Espectador https://t.co/1nISuNbpGp, see more https://t.co/dMgANevJFy",,
551,"@lcvelez El mayor riesgo en las elecciones est√° en la misma @Registraduria el @CNE_COLOMBIA los jurados, los supuestos delegados internacionales que trajeron a favor de ellos, y de remate la misma Registraduria descarada haci√©ndole campa√±a a los que ofrecen el supuesto cambio ü§¶üèª‚Äç‚ôÄÔ∏è https://t.co/Xghmj77P1S",,
264,"Petro promete reanudar relaciones diplom√°ticas con Maduro si gana elecciones en Colombia
 
 #TalCual #ClaroyRaspao #AmigosDeNuevo 
 
 https://t.co/Kpm7VZydwZ https://t.co/FiJfeEuXCa",neutral,
64,"@LaNocheNTN24 @CGurisattiNTN24 @Germancalderon1 @JeffersonNTN24 NO TENGO CONFIANZA EN EL CNE, NI EN LA REGISTRADURIA. Es evidente que han mucho dinero de por medio para favorecer a Gustavo Petro, porque el y todo el mundo sabe que si no es rob√°ndose las elecciones nunca va a ser presidente. La Democracia Colombia nunca a estado tan amenazada",negative,anger
142,"Una vez m√°s, en la plaza Alfonso L√≥pez ,tal como se hab√≠a planeado ,la tarde de este viernes 6 de Mayo ,lleg√≥ a Valledupar @petrogustavo M√°ximo candidato a vencer en las pr√≥ximas elecciones a la presidencia por Colombia. https://t.co/YYpzUWPN1C",neutral,anger
559,@pepajla @PGN_COL @CNE_COLOMBIA @infopresidencia este se√±or Vega debe ser apartado del cargo por el bien de la democracia y las elecciones del 13 de marzo est√°n en entredicho por tantas anomal√≠as por lo que no deben ser v√°lidas,,
44,"@losdanieles ¬øSer√≠a posible conocer sus argumentos (de todo el equipo de los danieles) acerca de por qui√©n ""votar√≠an""? Me y nos yudar√≠a mucho a una cantidad de personas que no tenemos claro c√≥mo aportarle a Colombia en las pr√≥ximas elecciones.",neutral,joy
550,"@lcvelez El mayor riesgo en las elecciones est√° en la misma @Registraduria el @CNE_COLOMBIA los jurados, los supuestos delegados internacionales que trajeron a favor de ellos, y de remate la misma Registraduria descarada haci√©ndole campa√±a a los que ofrecen el supuesto cambio ü§¶üèª‚Äç‚ôÄÔ∏è https://t.co/Xghmj77P1S",,
23,"El candidato a la Presidencia de Colombia Gustavo Petro promete restablecer las relaciones con Venezuela si gana las elecciones y llega a la Presidencia.
 
 
 
 https://t.co/XM8QX8IaLk",neutral,joy
454,"Mira esa mierda, osea va a unir Venezuela con colombia el Castrochavismo ""Restableceremos las relaciones diplom√°ticas y consulares con la Rep√∫blica de Venezuela"": Petro https://t.co/nBJ4S67fpK",,
117,(Elecciones Colombia: ¬øqu√© muestran las m√°s recientes encuestas presidenciales?) publicado en https://t.co/XJ7xIbDAXM - https://t.co/kBmI6ABhaM https://t.co/nSvSYkakSV,neutral,fear
130,"Se acercan las elecciones presidenciales en Colombia y las comparaciones con Venezuela han sido inevitables. ¬øEst√° Colombia como Venezuela? #An√°lisis por @jgmartinez522
 
 
 
 Haz clic en el video para m√°s detalles üëá
 
  https://t.co/zfKDhPWfAK",neutral,fear
329,La izquierda se dedic√≥ A proteger cuanto criminal aparezca. S√≠ la izquierda extrema como la de Petro Gana Las elecciones ser√° la criminalidad la que gobierne A colombia desde √©se momento.,neutral,joy
178,"@jarizabaletaf @NanaGioys Lo que puso al @CeDemocratico en el senado y a Duque como presidente en 2018 ahora resulta que es un ‚Äútorcido‚Äù s√≥lo porque no es de su lado
 
 
 
 Piden la salida del registrador y se ponen a chillar como hizo el perdedor de √©sos tiempos. 
 
 Uribestias = Mamertos.
 
 https://t.co/Zwz6ilaQqK",negative,anger
343,@BOLIBAR2 @AndresPastrana_ @santiagoangelp Un poco tarde con las elecciones encima‚Ä¶ mal para Colombia,,
492,"@lafm @lcvelez @darcyquinnr 
 
 Con esta mafia en la @Registraduria y el riesgo que me ROBEN.
 
 Exijo el derecho a tomar foto o hacer video de mi votaci√≥n el d√≠a de las elecciones.
 
 @ProcuraduraCol1 @FiscaliaCol @CNE_COLOMBIA",,
369,"@stendor @LaPullaOficial Un ""ladr√≥n"" que no se rob√≥ un peso, eso es raro en Colombia, el que empieza el esc√°ndalo para que no se lleve el contrato es el mismo que se iba a ganar la supuesta coima, m√°s raro, lo han aplazando por falta de pruebas en 3 ocasiones hasta llevarlo a fecha de elecciones, raro.",,
291,"@NTN24ve pobre colombia, tan ignorante como lo fue venezuela en diversas elecciones..",negative,anger
368,#ColombiaDecide | Candidatos presidenciales explican c√≥mo combatir√≠an la alta inflaci√≥n en Colombia https://t.co/U2fxQzaVSR,neutral,joy
27,"Un paro armado decretado por un pu√±ado de delincuentes narcotraficantes tiene encerrada a la gente en sus casas a punta de terror. El gobierno de Iv√°n Duque dej√≥ a la poblaci√≥n a su suerte, y a 20 d√≠as de elecciones lo √∫nico que tenemos es miedo. En Colombia todo est√° muy miedoso https://t.co/hlRUr5bJ9Q",negative,fear
455,"Ya no me quedan dudas que el ""paro armado"" fue orquestado desde el Ub√©rrimo! D√≠as paramilitares quemando buses, disparando contra los civiles y todo el terrorismo CON la indiferencia C√ìMPLICE de @Diego_Molano Y @COMANDANTE_EJC Campa√±a pol√≠tica sangrienta.
 
 https://t.co/99pr8DragM",,
637,"Cerca de 3 mil jurados de votaci√≥n de la Registradur√≠a est√°n inhabilitados. 
 
 
 
 La indagaci√≥n fue adelantada por la Procuradur√≠a ante las primarias de las elecciones presidenciales de Colombia. 
 
 https://t.co/DrcoKxOTPs",neutral,
494,"#Colombia #Petro anuncia que reanudar√° las relaciones con Venezuela. Colombianos si quer√©is que el salario m√≠nimo de Colombia baje a los 2 d√≥lares al mes como en Venezuela, por debajo del umbral de pobreza (1,75 d√≥lares/d√≠a) vuestro candidato es #Petro.
 
 https://t.co/LpgzfWPvN7",,
261,"@jarizabaletaf NO IMPORTA que salgamos a votar 20 millones por @FicoGutierrez ,El registrador ""Tibisay VEGA"" y el @CNE_COLOMBIA al servicio de las 2 Prostitutas de la Justicia,""La suprema y La constitucional,se van a robar las elecciones a favor de ""PETRO"" ya se robaron las parlamentarias OJO!!",negative,anger
10,"La cuenta regresiva para las elecciones presidenciales de Colombia se encuentra en su recta final, y el candidato que cuenta de acuerdo a la encuestas con mayor intenci√≥n de votos es Gustavo Petro #7May https://t.co/JVyQw3MCv7",neutral,joy
376,"‚úäüèΩApertura y estabilidad democr√°tica en Colombia, üó≥ el an√°lisis de Daniel Ricardo Amaya en revista #CienD√≠as edici√≥n N. 104 üì≤ https://t.co/d2YUoyQ8k6
 
 
 
 üì∏ @PactoHistorico https://t.co/c1UQd4KNDJ",neutral,joy
70,"@Soylaauraaa @richiparedesh Dios que angustia. Ojal√° alguien haga algo. Que impotencia. Si quieren que se queden con las elecciones, pero que dejen a Colombia en paz.",negative,anger
73,"@EEColombia2020 @JEP_Colombia Lo de la guerrilla que espere, estamos en elecciones y hay que impulsar al candidato guerrillero ( Petro) , todo los que sea falsos positivos , autodefensas y que sirva para ensuciar a Uribe injustamente hay que filtrarlo ya !!!!!",negative,anger
468,"A pocos d√≠as de las elecciones presidenciales
 
 las Autodefensas Gaitanistas de Colombia se declaran en Paro Armado hasta el 9 de mayo. El claro desinter√©s social del Gobierno actual, evidenciado en la permisi√≥n de hostigamiento contra los Colombianos.",,
111,"El candidato a la Presidencia de Colombia Gustavo Petro, anunci√≥ este viernes que retomar√° las relaciones diplom√°ticas con Venezuela si gana las elecciones y llega a la jefatura del Estado colombiano.",neutral,joy
204,"Una vida digna y sin violencia, esa definici√≥n ut√≥pica del buen vivir no se ha visto JAM√ÅS en colombia; ahora a d√≠as de las elecciones que podr√≠an generar un verdadero CAMBIO aparece el malafortunado paro armado. Nos quedamos sin VERDAD y ahora con MIEDO. #ParoArmado #Otoniel",negative,fear
430,Robar votos y elecciones parece ser lo que est√° de moda a nivel mundial y nadie es culpable. Veamos c√≥mo le va a #Colombia,,
384,"‚ö†Ô∏èüá®üá¥A 23 d√≠as de la Primera Vuelta siguen apareciendo PRUEBAS del descomunal fraude en elecciones al Congreso y no pasa nada. Se√±ores @infopresidencia @FiscaliaCol @PGN_COL @CNE_COLOMBIA ¬°Si no act√∫an se robar√°n tambi√©n las presidenciales! 
 
 #ExigimosEleccionesTransparentes üá®üá¥ https://t.co/a3jbnGSN0V",,
260,"Estos d√≠as y hasta el 29 de mayo d√≠a de las elecciones presidenciales en Colombia se prev√© tensiones, incremento de actos criminales y delincuenciales, asonadas, pescas milagrosas, y guerra ideol√≥gica en todo el territorio nacional.
 
 ¬°F√°cil no ser√°, estamos regresando al pasado!",negative,fear
629,"@NoticiasCaracol Es el colmo que Petro√±ero sali√≥ a decir que las victimas les va a hacer falta la declaraci√≥n de otoniel, que descarado si las victimas en colombia la ultrajan y a los delincuentes los ponen en el Senado tan siquiera yendo a elecciones y quer√≠a salvar a otoniel con el cuento",negative,anger
97,@PGN_COL S.O.S. Colombia no podemos permitir que nos roben las elecciones. Viva @PalomaValenciaL gran patriota https://t.co/N9ro2Fy5fF,positive,joy
243,"@IvanDuque @mincultura Un hito historico,mejor que violar la Constituci√≥n para hacer inversi√≥n en la Colombia profunda en elecciones.. https://t.co/D0u5CybOHZ",negative,
635,"@Danielacad3 Consejo de un Venezolano que ama a Colombia. No bajen la guardia, el que cuenta los votos @Registraduria es FICHA DEL FORO DE SAO PAULO. Todav√≠a hay vicios de las elecciones pasadas para favorecer al Pacto Hist√≥rico y ni p√≠o a dicho el tipo. Pilas pues",negative,fear
254,"@millersoto @petrogustavo NO IMPORTA que salgamos a votar 20 millones por @FicoGutierrez ,El registrador ""Tibisay VEGA"" y el @CNE_COLOMBIA al servicio de las 2 Prostitutas de la Justicia,""La suprema y La constitucional,se van a robar las elecciones a favor de ""PETRO"" ya se robaron las parlamentarias OJO!!",negative,anger
2,"@PDleh @cokycafe @PGN_COL En Colombia existen miles de leyes para controlar los funcionarios p√∫blicos pero a la hora de aplicarlas ""se les olvida que existen"". ¬øQue m√°s pruebas quieren? ¬øPorque avalan unas elecciones, las del 13 de marzo, donde pado de todo lo que no deb√≠a de pasar? Escuchamos respuestas",negative,anger
37,"Con apoyo de @CNE_COLOMBIA @Doris_MendezC nos va a robar Las pr√≥ximas elecciones presidenciales, ahora est√° suplantando a @FiscaliaCol atacando a @CeDemocratico para defender sus aliados los par√°sitos izquierdistas disfrazados de docentes @fecode . https://t.co/wBM1ge2mcZ",negative,anger
562,"Las preguntas de #MatchPresidencial fueron dise√±adas espec√≠ficamente para el contexto pol√≠tico actual en Colombia de cara a las elecciones presidenciales en 2022.
 
 
 
 #Elecciones2022 #ColombiaDecide 
 
 
 
 https://t.co/nmnB4UprVU",,
41,"Le ped√≠ a ‚Å¶@ElyangelicaNews‚Å© , destacada periodista venezolana en el exilio, que le hablara a Colombia y nos contara sobre su pa√≠s y nuestras elecciones. Esta es una #CartaDesdeElFururo 
 
 
 
 Mi columna en ‚Å¶@RevistaSemana‚Å© üëáüèª https://t.co/ZJAOCFSEMj",neutral,joy
421,"El Consejo Nacional Electoral @CNE_COLOMBIA envi√≥ concepto jur√≠dico al Tribunal de Cundinamarca en el que pide que no se suspenda al registrador Alexander Vega. 
 
 
 
 Seg√∫n el organismo electoral, las elecciones legislativas cumplieron con todas las garant√≠as de transparencia.",,
612,"#presidente duque y congresistas q aprobaron tumbar ley garant√≠asüá®üá¥durante elecciones, deben renunciar Ya! @PGN_COL @FiscaliaCol @DefensoriaCol @CGR_Colombia ojo cuanto dinero se va perder erario p√∫blico,se robaron para politiquer√≠a....justicia ya, q renuncien ya! https://t.co/O7Y6YrxYVI",negative,anger
639,"@lcvelez El mayor riesgo es:
 
 1. Que nadie nos garantice unas elecciones sin freude.
 
 2. Si pierde petro, arder√° Colombia...s√≠ gana ...tambi√©n.",negative,fear
217,"#6May | El candidato presidencial de Colombia, Gustavo Petro asegur√≥ que apoyar√° a Nicol√°s Maduro de ganar las elecciones.
 
 
 
 Video cortes√≠a. https://t.co/eKXTmCYGbT",neutral,fear
